timeStamp,elapsed,label,responseCode,responseMessage,threadName,dataType,success,failureMessage,bytes,sentBytes,grpThreads,allThreads,URL,Latency,SampleCount,ErrorCount,Hostname,IdleTime,Connect
1647868979567,16,Plain,200,OK,100User 1-1,text,true,,223,122,1,1,https://10.10.1.62:8001/plain,16,1,0,MAIN-DESKTOP,0,10
1647868979587,12,Plain,200,OK,100User 1-3,text,true,,223,122,2,2,https://10.10.1.62:8001/plain,12,1,0,MAIN-DESKTOP,0,6
1647868979587,12,Plain,200,OK,100User 1-2,text,true,,223,122,1,1,https://10.10.1.62:8001/plain,12,1,0,MAIN-DESKTOP,0,6
1647868979603,11,Plain,200,OK,100User 1-4,text,true,,223,122,2,2,https://10.10.1.62:8001/plain,11,1,0,MAIN-DESKTOP,0,6
1647868979607,13,Plain,200,OK,100User 1-5,text,true,,223,122,2,2,https://10.10.1.62:8001/plain,13,1,0,MAIN-DESKTOP,0,7
1647868979617,15,Plain,200,OK,100User 1-6,text,true,,223,122,2,2,https://10.10.1.62:8001/plain,15,1,0,MAIN-DESKTOP,0,7
1647868979629,13,Plain,200,OK,100User 1-7,text,true,,223,122,2,2,https://10.10.1.62:8001/plain,13,1,0,MAIN-DESKTOP,0,7
1647868979638,13,Plain,200,OK,100User 1-8,text,true,,223,122,2,2,https://10.10.1.62:8001/plain,13,1,0,MAIN-DESKTOP,0,6
1647868979647,13,Plain,200,OK,100User 1-9,text,true,,223,122,2,2,https://10.10.1.62:8001/plain,13,1,0,MAIN-DESKTOP,0,6
1647868979656,12,Plain,200,OK,100User 1-10,text,true,,223,122,2,2,https://10.10.1.62:8001/plain,12,1,0,MAIN-DESKTOP,0,6
1647868979666,12,Plain,200,OK,100User 1-11,text,true,,223,122,2,2,https://10.10.1.62:8001/plain,12,1,0,MAIN-DESKTOP,0,6
1647868979676,11,Plain,200,OK,100User 1-12,text,true,,223,122,1,1,https://10.10.1.62:8001/plain,11,1,0,MAIN-DESKTOP,0,6
1647868979688,10,Plain,200,OK,100User 1-13,text,true,,223,122,2,2,https://10.10.1.62:8001/plain,10,1,0,MAIN-DESKTOP,0,5
1647868979698,10,Plain,200,OK,100User 1-14,text,true,,223,122,2,2,https://10.10.1.62:8001/plain,10,1,0,MAIN-DESKTOP,0,5
1647868979707,11,Plain,200,OK,100User 1-15,text,true,,223,122,2,2,https://10.10.1.62:8001/plain,11,1,0,MAIN-DESKTOP,0,7
1647868979717,10,Plain,200,OK,100User 1-16,text,true,,223,122,1,1,https://10.10.1.62:8001/plain,10,1,0,MAIN-DESKTOP,0,5
1647868979729,11,Plain,200,OK,100User 1-17,text,true,,223,122,2,2,https://10.10.1.62:8001/plain,11,1,0,MAIN-DESKTOP,0,6
1647868979737,10,Plain,200,OK,100User 1-18,text,true,,223,122,1,1,https://10.10.1.62:8001/plain,10,1,0,MAIN-DESKTOP,0,5
1647868979748,10,Plain,200,OK,100User 1-19,text,true,,223,122,1,1,https://10.10.1.62:8001/plain,10,1,0,MAIN-DESKTOP,0,5
1647868979759,10,Plain,200,OK,100User 1-20,text,true,,223,122,2,2,https://10.10.1.62:8001/plain,10,1,0,MAIN-DESKTOP,0,5
1647868979768,10,Plain,200,OK,100User 1-21,text,true,,223,122,2,2,https://10.10.1.62:8001/plain,10,1,0,MAIN-DESKTOP,0,5
1647868979777,10,Plain,200,OK,100User 1-22,text,true,,223,122,1,1,https://10.10.1.62:8001/plain,10,1,0,MAIN-DESKTOP,0,5
1647868979787,10,Plain,200,OK,100User 1-23,text,true,,223,122,1,1,https://10.10.1.62:8001/plain,10,1,0,MAIN-DESKTOP,0,5
1647868979797,10,Plain,200,OK,100User 1-24,text,true,,223,122,2,2,https://10.10.1.62:8001/plain,10,1,0,MAIN-DESKTOP,0,6
1647868979806,10,Plain,200,OK,100User 1-25,text,true,,223,122,1,1,https://10.10.1.62:8001/plain,10,1,0,MAIN-DESKTOP,0,5
1647868979817,11,Plain,200,OK,100User 1-26,text,true,,223,122,2,2,https://10.10.1.62:8001/plain,11,1,0,MAIN-DESKTOP,0,5
1647868979826,11,Plain,200,OK,100User 1-27,text,true,,223,122,2,2,https://10.10.1.62:8001/plain,11,1,0,MAIN-DESKTOP,0,6
1647868979836,10,Plain,200,OK,100User 1-28,text,true,,223,122,2,2,https://10.10.1.62:8001/plain,10,1,0,MAIN-DESKTOP,0,6
1647868979846,12,Plain,200,OK,100User 1-29,text,true,,223,122,2,2,https://10.10.1.62:8001/plain,12,1,0,MAIN-DESKTOP,0,7
1647868979857,12,Plain,200,OK,100User 1-30,text,true,,223,122,2,2,https://10.10.1.62:8001/plain,12,1,0,MAIN-DESKTOP,0,6
1647868979867,11,Plain,200,OK,100User 1-31,text,true,,223,122,2,2,https://10.10.1.62:8001/plain,11,1,0,MAIN-DESKTOP,0,6
1647868979877,11,Plain,200,OK,100User 1-32,text,true,,223,122,2,2,https://10.10.1.62:8001/plain,11,1,0,MAIN-DESKTOP,0,6
1647868979888,10,Plain,200,OK,100User 1-33,text,true,,223,122,1,1,https://10.10.1.62:8001/plain,10,1,0,MAIN-DESKTOP,0,6
1647868979898,10,Plain,200,OK,100User 1-34,text,true,,223,122,2,2,https://10.10.1.62:8001/plain,10,1,0,MAIN-DESKTOP,0,5
1647868979907,11,Plain,200,OK,100User 1-35,text,true,,223,122,1,1,https://10.10.1.62:8001/plain,10,1,0,MAIN-DESKTOP,0,5
1647868979919,12,Plain,200,OK,100User 1-36,text,true,,223,122,2,2,https://10.10.1.62:8001/plain,12,1,0,MAIN-DESKTOP,0,6
1647868979927,10,Plain,200,OK,100User 1-37,text,true,,223,122,1,1,https://10.10.1.62:8001/plain,10,1,0,MAIN-DESKTOP,0,6
1647868979938,11,Plain,200,OK,100User 1-38,text,true,,223,122,2,2,https://10.10.1.62:8001/plain,11,1,0,MAIN-DESKTOP,0,6
1647868979947,13,Plain,200,OK,100User 1-39,text,true,,223,122,2,2,https://10.10.1.62:8001/plain,13,1,0,MAIN-DESKTOP,0,6
1647868979957,13,Plain,200,OK,100User 1-40,text,true,,223,122,2,2,https://10.10.1.62:8001/plain,13,1,0,MAIN-DESKTOP,0,8
1647868979966,11,Plain,200,OK,100User 1-41,text,true,,223,122,1,1,https://10.10.1.62:8001/plain,11,1,0,MAIN-DESKTOP,0,6
1647868979978,11,Plain,200,OK,100User 1-42,text,true,,223,122,2,2,https://10.10.1.62:8001/plain,11,1,0,MAIN-DESKTOP,0,6
1647868979989,10,Plain,200,OK,100User 1-43,text,true,,223,122,2,2,https://10.10.1.62:8001/plain,10,1,0,MAIN-DESKTOP,0,5
1647868979997,11,Plain,200,OK,100User 1-44,text,true,,223,122,2,2,https://10.10.1.62:8001/plain,11,1,0,MAIN-DESKTOP,0,6
1647868980006,12,Plain,200,OK,100User 1-45,text,true,,223,122,2,2,https://10.10.1.62:8001/plain,12,1,0,MAIN-DESKTOP,0,6
1647868980016,12,Plain,200,OK,100User 1-46,text,true,,223,122,2,2,https://10.10.1.62:8001/plain,12,1,0,MAIN-DESKTOP,0,6
1647868980026,14,Plain,200,OK,100User 1-47,text,true,,223,122,2,2,https://10.10.1.62:8001/plain,14,1,0,MAIN-DESKTOP,0,8
1647868980038,12,Plain,200,OK,100User 1-48,text,true,,223,122,2,2,https://10.10.1.62:8001/plain,12,1,0,MAIN-DESKTOP,0,6
1647868980048,11,Plain,200,OK,100User 1-49,text,true,,223,122,2,2,https://10.10.1.62:8001/plain,11,1,0,MAIN-DESKTOP,0,6
1647868980057,11,Plain,200,OK,100User 1-50,text,true,,223,122,2,2,https://10.10.1.62:8001/plain,11,1,0,MAIN-DESKTOP,0,6
1647868980067,10,Plain,200,OK,100User 1-51,text,true,,223,122,2,2,https://10.10.1.62:8001/plain,10,1,0,MAIN-DESKTOP,0,5
1647868980077,10,Plain,200,OK,100User 1-52,text,true,,223,122,1,1,https://10.10.1.62:8001/plain,9,1,0,MAIN-DESKTOP,0,5
1647868980087,10,Plain,200,OK,100User 1-53,text,true,,223,122,2,2,https://10.10.1.62:8001/plain,10,1,0,MAIN-DESKTOP,0,5
1647868980097,11,Plain,200,OK,100User 1-54,text,true,,223,122,2,2,https://10.10.1.62:8001/plain,11,1,0,MAIN-DESKTOP,0,6
1647868980106,12,Plain,200,OK,100User 1-55,text,true,,223,122,2,2,https://10.10.1.62:8001/plain,12,1,0,MAIN-DESKTOP,0,7
1647868980116,11,Plain,200,OK,100User 1-56,text,true,,223,122,2,2,https://10.10.1.62:8001/plain,11,1,0,MAIN-DESKTOP,0,6
1647868980126,12,Plain,200,OK,100User 1-57,text,true,,223,122,2,2,https://10.10.1.62:8001/plain,12,1,0,MAIN-DESKTOP,0,6
1647868980136,13,Plain,200,OK,100User 1-58,text,true,,223,122,2,2,https://10.10.1.62:8001/plain,13,1,0,MAIN-DESKTOP,0,6
1647868980146,11,Plain,200,OK,100User 1-59,text,true,,223,122,2,2,https://10.10.1.62:8001/plain,11,1,0,MAIN-DESKTOP,0,6
1647868980157,13,Plain,200,OK,100User 1-60,text,true,,223,122,2,2,https://10.10.1.62:8001/plain,13,1,0,MAIN-DESKTOP,0,6
1647868980167,13,Plain,200,OK,100User 1-61,text,true,,223,122,2,2,https://10.10.1.62:8001/plain,13,1,0,MAIN-DESKTOP,0,6
1647868980179,12,Plain,200,OK,100User 1-62,text,true,,223,122,2,2,https://10.10.1.62:8001/plain,12,1,0,MAIN-DESKTOP,0,7
1647868980189,12,Plain,200,OK,100User 1-63,text,true,,223,122,2,2,https://10.10.1.62:8001/plain,12,1,0,MAIN-DESKTOP,0,6
1647868980197,13,Plain,200,OK,100User 1-64,text,true,,223,122,2,2,https://10.10.1.62:8001/plain,13,1,0,MAIN-DESKTOP,0,6
1647868980206,11,Plain,200,OK,100User 1-65,text,true,,223,122,2,2,https://10.10.1.62:8001/plain,11,1,0,MAIN-DESKTOP,0,6
1647868980217,13,Plain,200,OK,100User 1-66,text,true,,223,122,2,2,https://10.10.1.62:8001/plain,13,1,0,MAIN-DESKTOP,0,5
1647868980227,12,Plain,200,OK,100User 1-67,text,true,,223,122,2,2,https://10.10.1.62:8001/plain,12,1,0,MAIN-DESKTOP,0,6
1647868980237,13,Plain,200,OK,100User 1-68,text,true,,223,122,2,2,https://10.10.1.62:8001/plain,13,1,0,MAIN-DESKTOP,0,6
1647868980247,12,Plain,200,OK,100User 1-69,text,true,,223,122,2,2,https://10.10.1.62:8001/plain,12,1,0,MAIN-DESKTOP,0,6
1647868980259,11,Plain,200,OK,100User 1-70,text,true,,223,122,2,2,https://10.10.1.62:8001/plain,11,1,0,MAIN-DESKTOP,0,6
1647868980267,11,Plain,200,OK,100User 1-71,text,true,,223,122,2,2,https://10.10.1.62:8001/plain,11,1,0,MAIN-DESKTOP,0,5
1647868980278,11,Plain,200,OK,100User 1-72,text,true,,223,122,1,1,https://10.10.1.62:8001/plain,11,1,0,MAIN-DESKTOP,0,6
1647868980290,10,Plain,200,OK,100User 1-73,text,true,,223,122,2,2,https://10.10.1.62:8001/plain,10,1,0,MAIN-DESKTOP,0,5
1647868980298,14,Plain,200,OK,100User 1-74,text,true,,223,122,2,2,https://10.10.1.62:8001/plain,14,1,0,MAIN-DESKTOP,0,6
1647868980308,14,Plain,200,OK,100User 1-75,text,true,,223,122,2,2,https://10.10.1.62:8001/plain,14,1,0,MAIN-DESKTOP,0,6
1647868980318,12,Plain,200,OK,100User 1-76,text,true,,223,122,2,2,https://10.10.1.62:8001/plain,12,1,0,MAIN-DESKTOP,0,6
1647868980326,11,Plain,200,OK,100User 1-77,text,true,,223,122,2,2,https://10.10.1.62:8001/plain,11,1,0,MAIN-DESKTOP,0,6
1647868980336,11,Plain,200,OK,100User 1-78,text,true,,223,122,2,2,https://10.10.1.62:8001/plain,11,1,0,MAIN-DESKTOP,0,6
1647868980346,10,Plain,200,OK,100User 1-79,text,true,,223,122,1,1,https://10.10.1.62:8001/plain,10,1,0,MAIN-DESKTOP,0,5
1647868980358,10,Plain,200,OK,100User 1-80,text,true,,223,122,2,2,https://10.10.1.62:8001/plain,10,1,0,MAIN-DESKTOP,0,5
1647868980368,13,Plain,200,OK,100User 1-81,text,true,,223,122,2,2,https://10.10.1.62:8001/plain,13,1,0,MAIN-DESKTOP,0,7
1647868980379,11,Plain,200,OK,100User 1-82,text,true,,223,122,2,2,https://10.10.1.62:8001/plain,11,1,0,MAIN-DESKTOP,0,6
1647868980388,13,Plain,200,OK,100User 1-83,text,true,,223,122,2,2,https://10.10.1.62:8001/plain,13,1,0,MAIN-DESKTOP,0,7
1647868980398,11,Plain,200,OK,100User 1-84,text,true,,223,122,2,2,https://10.10.1.62:8001/plain,11,1,0,MAIN-DESKTOP,0,6
1647868980407,9,Plain,200,OK,100User 1-85,text,true,,223,122,1,1,https://10.10.1.62:8001/plain,9,1,0,MAIN-DESKTOP,0,5
1647868980417,13,Plain,200,OK,100User 1-86,text,true,,223,122,2,2,https://10.10.1.62:8001/plain,13,1,0,MAIN-DESKTOP,0,5
1647868980427,14,Plain,200,OK,100User 1-87,text,true,,223,122,2,2,https://10.10.1.62:8001/plain,14,1,0,MAIN-DESKTOP,0,6
1647868980436,12,Plain,200,OK,100User 1-88,text,true,,223,122,2,2,https://10.10.1.62:8001/plain,12,1,0,MAIN-DESKTOP,0,7
1647868980448,12,Plain,200,OK,100User 1-89,text,true,,223,122,2,2,https://10.10.1.62:8001/plain,12,1,0,MAIN-DESKTOP,0,6
1647868980457,10,Plain,200,OK,100User 1-90,text,true,,223,122,1,1,https://10.10.1.62:8001/plain,10,1,0,MAIN-DESKTOP,0,5
1647868980468,9,Plain,200,OK,100User 1-91,text,true,,223,122,2,2,https://10.10.1.62:8001/plain,9,1,0,MAIN-DESKTOP,0,5
1647868980477,12,Plain,200,OK,100User 1-92,text,true,,223,122,2,2,https://10.10.1.62:8001/plain,12,1,0,MAIN-DESKTOP,0,6
1647868980486,12,Plain,200,OK,100User 1-93,text,true,,223,122,2,2,https://10.10.1.62:8001/plain,12,1,0,MAIN-DESKTOP,0,7
1647868980496,10,Plain,200,OK,100User 1-94,text,true,,223,122,1,1,https://10.10.1.62:8001/plain,10,1,0,MAIN-DESKTOP,0,5
1647868980506,10,Plain,200,OK,100User 1-95,text,true,,223,122,2,2,https://10.10.1.62:8001/plain,10,1,0,MAIN-DESKTOP,0,6
1647868980516,10,Plain,200,OK,100User 1-96,text,true,,223,122,1,1,https://10.10.1.62:8001/plain,10,1,0,MAIN-DESKTOP,0,6
1647868980526,13,Plain,200,OK,100User 1-97,text,true,,223,122,2,2,https://10.10.1.62:8001/plain,13,1,0,MAIN-DESKTOP,0,7
1647868980536,13,Plain,200,OK,100User 1-98,text,true,,223,122,2,2,https://10.10.1.62:8001/plain,13,1,0,MAIN-DESKTOP,0,7
1647868980548,12,Plain,200,OK,100User 1-99,text,true,,223,122,2,2,https://10.10.1.62:8001/plain,12,1,0,MAIN-DESKTOP,0,6
1647868980557,11,Plain,200,OK,100User 1-100,text,true,,223,122,1,1,https://10.10.1.62:8001/plain,11,1,0,MAIN-DESKTOP,0,5
