timeStamp,elapsed,label,responseCode,responseMessage,threadName,dataType,success,failureMessage,bytes,sentBytes,grpThreads,allThreads,URL,Filename,Latency,SampleCount,ErrorCount,Hostname,IdleTime,Connect
1649676619396,154,100getEfCore,200,OK,100UserGetEfCore 3-1,text,true,,123045,124,38,38,https://10.10.1.62:5001/getEfCore,,151,1,0,MAIN-DESKTOP,0,14
1649676622436,33,100getEfCore,200,OK,100UserGetEfCore 3-2,text,true,,123045,124,38,38,https://10.10.1.62:5001/getEfCore,,30,1,0,MAIN-DESKTOP,0,13
1649676625476,31,100getEfCore,200,OK,100UserGetEfCore 3-3,text,true,,123045,124,38,38,https://10.10.1.62:5001/getEfCore,,28,1,0,MAIN-DESKTOP,0,13
1649676628501,34,100getEfCore,200,OK,100UserGetEfCore 3-4,text,true,,123045,124,38,38,https://10.10.1.62:5001/getEfCore,,30,1,0,MAIN-DESKTOP,0,13
1649676631542,29,100getEfCore,200,OK,100UserGetEfCore 3-5,text,true,,123045,124,38,38,https://10.10.1.62:5001/getEfCore,,26,1,0,MAIN-DESKTOP,0,12
1649676634568,29,100getEfCore,200,OK,100UserGetEfCore 3-6,text,true,,123045,124,38,38,https://10.10.1.62:5001/getEfCore,,26,1,0,MAIN-DESKTOP,0,13
1649676637607,31,100getEfCore,200,OK,100UserGetEfCore 3-7,text,true,,123045,124,38,38,https://10.10.1.62:5001/getEfCore,,26,1,0,MAIN-DESKTOP,0,13
1649676640632,31,100getEfCore,200,OK,100UserGetEfCore 3-8,text,true,,123045,124,38,38,https://10.10.1.62:5001/getEfCore,,28,1,0,MAIN-DESKTOP,0,14
1649676643673,32,100getEfCore,200,OK,100UserGetEfCore 3-9,text,true,,123045,124,38,38,https://10.10.1.62:5001/getEfCore,,29,1,0,MAIN-DESKTOP,0,14
1649676646698,30,100getEfCore,200,OK,100UserGetEfCore 3-10,text,true,,123045,124,38,38,https://10.10.1.62:5001/getEfCore,,26,1,0,MAIN-DESKTOP,0,12
1649676649739,32,100getEfCore,200,OK,100UserGetEfCore 3-11,text,true,,123045,124,38,38,https://10.10.1.62:5001/getEfCore,,29,1,0,MAIN-DESKTOP,0,12
1649676652779,31,100getEfCore,200,OK,100UserGetEfCore 3-12,text,true,,123045,124,38,38,https://10.10.1.62:5001/getEfCore,,28,1,0,MAIN-DESKTOP,0,14
1649676655804,33,100getEfCore,200,OK,100UserGetEfCore 3-13,text,true,,123045,124,38,38,https://10.10.1.62:5001/getEfCore,,29,1,0,MAIN-DESKTOP,0,12
1649676658845,34,100getEfCore,200,OK,100UserGetEfCore 3-14,text,true,,123045,124,38,38,https://10.10.1.62:5001/getEfCore,,28,1,0,MAIN-DESKTOP,0,12
1649676661883,28,100getEfCore,200,OK,100UserGetEfCore 3-15,text,true,,123045,124,38,38,https://10.10.1.62:5001/getEfCore,,25,1,0,MAIN-DESKTOP,0,12
1649676664910,31,100getEfCore,200,OK,100UserGetEfCore 3-16,text,true,,123045,124,38,38,https://10.10.1.62:5001/getEfCore,,27,1,0,MAIN-DESKTOP,0,13
1649676667939,35,100getEfCore,200,OK,100UserGetEfCore 3-17,text,true,,123045,124,38,38,https://10.10.1.62:5001/getEfCore,,30,1,0,MAIN-DESKTOP,0,14
1649676670969,58,100getEfCore,200,OK,100UserGetEfCore 3-18,text,true,,123045,124,38,38,https://10.10.1.62:5001/getEfCore,,27,1,0,MAIN-DESKTOP,0,12
1649676673999,28,100getEfCore,200,OK,100UserGetEfCore 3-19,text,true,,123045,124,38,38,https://10.10.1.62:5001/getEfCore,,26,1,0,MAIN-DESKTOP,0,12
1649676677028,32,100getEfCore,200,OK,100UserGetEfCore 3-20,text,true,,123045,124,38,38,https://10.10.1.62:5001/getEfCore,,28,1,0,MAIN-DESKTOP,0,13
1649676680057,28,100getEfCore,200,OK,100UserGetEfCore 3-21,text,true,,123045,124,38,38,https://10.10.1.62:5001/getEfCore,,25,1,0,MAIN-DESKTOP,0,13
1649676683086,44,100getEfCore,200,OK,100UserGetEfCore 3-22,text,true,,123045,124,38,38,https://10.10.1.62:5001/getEfCore,,42,1,0,MAIN-DESKTOP,0,28
1649676686115,30,100getEfCore,200,OK,100UserGetEfCore 3-23,text,true,,123045,124,38,38,https://10.10.1.62:5001/getEfCore,,27,1,0,MAIN-DESKTOP,0,13
1649676689144,31,100getEfCore,200,OK,100UserGetEfCore 3-24,text,true,,123045,124,38,38,https://10.10.1.62:5001/getEfCore,,27,1,0,MAIN-DESKTOP,0,13
1649676692173,47,100getEfCore,200,OK,100UserGetEfCore 3-25,text,true,,123045,124,38,38,https://10.10.1.62:5001/getEfCore,,43,1,0,MAIN-DESKTOP,0,28
1649676695202,31,100getEfCore,200,OK,100UserGetEfCore 3-26,text,true,,123045,124,38,38,https://10.10.1.62:5001/getEfCore,,28,1,0,MAIN-DESKTOP,0,13
1649676698232,31,100getEfCore,200,OK,100UserGetEfCore 3-27,text,true,,123045,124,38,38,https://10.10.1.62:5001/getEfCore,,27,1,0,MAIN-DESKTOP,0,12
1649676701261,32,100getEfCore,200,OK,100UserGetEfCore 3-28,text,true,,123045,124,38,38,https://10.10.1.62:5001/getEfCore,,29,1,0,MAIN-DESKTOP,0,14
1649676704290,31,100getEfCore,200,OK,100UserGetEfCore 3-29,text,true,,123045,124,38,38,https://10.10.1.62:5001/getEfCore,,27,1,0,MAIN-DESKTOP,0,12
1649676707319,38,100getEfCore,200,OK,100UserGetEfCore 3-30,text,true,,123045,124,38,38,https://10.10.1.62:5001/getEfCore,,35,1,0,MAIN-DESKTOP,0,21
1649676710349,37,100getEfCore,200,OK,100UserGetEfCore 3-31,text,true,,123045,124,38,38,https://10.10.1.62:5001/getEfCore,,33,1,0,MAIN-DESKTOP,0,14
1649676713378,31,100getEfCore,200,OK,100UserGetEfCore 3-32,text,true,,123045,124,38,38,https://10.10.1.62:5001/getEfCore,,28,1,0,MAIN-DESKTOP,0,13
1649676716407,30,100getEfCore,200,OK,100UserGetEfCore 3-33,text,true,,123045,124,38,38,https://10.10.1.62:5001/getEfCore,,27,1,0,MAIN-DESKTOP,0,13
1649676719451,41,100getEfCore,200,OK,100UserGetEfCore 3-34,text,true,,123045,124,38,38,https://10.10.1.62:5001/getEfCore,,36,1,0,MAIN-DESKTOP,0,13
1649676722476,28,100getEfCore,200,OK,100UserGetEfCore 3-35,text,true,,123045,124,38,38,https://10.10.1.62:5001/getEfCore,,26,1,0,MAIN-DESKTOP,0,12
1649676725505,25,100getEfCore,200,OK,100UserGetEfCore 3-36,text,true,,123045,124,38,38,https://10.10.1.62:5001/getEfCore,,20,1,0,MAIN-DESKTOP,0,9
1649676728535,28,100getEfCore,200,OK,100UserGetEfCore 3-37,text,true,,123045,124,38,38,https://10.10.1.62:5001/getEfCore,,25,1,0,MAIN-DESKTOP,0,10
1649676731564,27,100getEfCore,200,OK,100UserGetEfCore 3-38,text,true,,123045,124,38,38,https://10.10.1.62:5001/getEfCore,,24,1,0,MAIN-DESKTOP,0,12
1649676734593,26,100getEfCore,200,OK,100UserGetEfCore 3-39,text,true,,123045,124,38,38,https://10.10.1.62:5001/getEfCore,,23,1,0,MAIN-DESKTOP,0,11
1649676737623,29,100getEfCore,200,OK,100UserGetEfCore 3-40,text,true,,123045,124,38,38,https://10.10.1.62:5001/getEfCore,,26,1,0,MAIN-DESKTOP,0,12
1649676740652,30,100getEfCore,200,OK,100UserGetEfCore 3-41,text,true,,123045,124,38,38,https://10.10.1.62:5001/getEfCore,,27,1,0,MAIN-DESKTOP,0,14
1649676743681,31,100getEfCore,200,OK,100UserGetEfCore 3-42,text,true,,123045,124,38,38,https://10.10.1.62:5001/getEfCore,,29,1,0,MAIN-DESKTOP,0,14
1649676746710,29,100getEfCore,200,OK,100UserGetEfCore 3-43,text,true,,123045,124,38,38,https://10.10.1.62:5001/getEfCore,,26,1,0,MAIN-DESKTOP,0,14
1649676749739,30,100getEfCore,200,OK,100UserGetEfCore 3-44,text,true,,123045,124,38,38,https://10.10.1.62:5001/getEfCore,,27,1,0,MAIN-DESKTOP,0,15
1649676752769,29,100getEfCore,200,OK,100UserGetEfCore 3-45,text,true,,123045,124,38,38,https://10.10.1.62:5001/getEfCore,,26,1,0,MAIN-DESKTOP,0,12
1649676755797,24,100getEfCore,200,OK,100UserGetEfCore 3-46,text,true,,123045,124,38,38,https://10.10.1.62:5001/getEfCore,,21,1,0,MAIN-DESKTOP,0,10
1649676758826,30,100getEfCore,200,OK,100UserGetEfCore 3-47,text,true,,123045,124,38,38,https://10.10.1.62:5001/getEfCore,,27,1,0,MAIN-DESKTOP,0,13
1649676761856,28,100getEfCore,200,OK,100UserGetEfCore 3-48,text,true,,123045,124,38,38,https://10.10.1.62:5001/getEfCore,,24,1,0,MAIN-DESKTOP,0,12
1649676764885,28,100getEfCore,200,OK,100UserGetEfCore 3-49,text,true,,123045,124,38,38,https://10.10.1.62:5001/getEfCore,,24,1,0,MAIN-DESKTOP,0,13
1649676767914,28,100getEfCore,200,OK,100UserGetEfCore 3-50,text,true,,123045,124,38,38,https://10.10.1.62:5001/getEfCore,,25,1,0,MAIN-DESKTOP,0,14
1649676770943,35,100getEfCore,200,OK,100UserGetEfCore 3-51,text,true,,123045,124,38,38,https://10.10.1.62:5001/getEfCore,,32,1,0,MAIN-DESKTOP,0,17
1649676773972,30,100getEfCore,200,OK,100UserGetEfCore 3-52,text,true,,123045,124,38,38,https://10.10.1.62:5001/getEfCore,,26,1,0,MAIN-DESKTOP,0,13
1649676777002,31,100getEfCore,200,OK,100UserGetEfCore 3-53,text,true,,123045,124,38,38,https://10.10.1.62:5001/getEfCore,,28,1,0,MAIN-DESKTOP,0,14
1649676780034,27,100getEfCore,200,OK,100UserGetEfCore 3-54,text,true,,123045,124,38,38,https://10.10.1.62:5001/getEfCore,,25,1,0,MAIN-DESKTOP,0,13
1649676783061,29,100getEfCore,200,OK,100UserGetEfCore 3-55,text,true,,123045,124,38,38,https://10.10.1.62:5001/getEfCore,,25,1,0,MAIN-DESKTOP,0,12
1649676786091,28,100getEfCore,200,OK,100UserGetEfCore 3-56,text,true,,123045,124,38,38,https://10.10.1.62:5001/getEfCore,,24,1,0,MAIN-DESKTOP,0,12
1649676789120,28,100getEfCore,200,OK,100UserGetEfCore 3-57,text,true,,123045,124,38,38,https://10.10.1.62:5001/getEfCore,,25,1,0,MAIN-DESKTOP,0,12
1649676792149,29,100getEfCore,200,OK,100UserGetEfCore 3-58,text,true,,123045,124,38,38,https://10.10.1.62:5001/getEfCore,,26,1,0,MAIN-DESKTOP,0,13
1649676795178,29,100getEfCore,200,OK,100UserGetEfCore 3-59,text,true,,123045,124,38,38,https://10.10.1.62:5001/getEfCore,,27,1,0,MAIN-DESKTOP,0,11
1649676798207,31,100getEfCore,200,OK,100UserGetEfCore 3-60,text,true,,123045,124,38,38,https://10.10.1.62:5001/getEfCore,,28,1,0,MAIN-DESKTOP,0,13
1649676801237,29,100getEfCore,200,OK,100UserGetEfCore 3-61,text,true,,123045,124,38,38,https://10.10.1.62:5001/getEfCore,,26,1,0,MAIN-DESKTOP,0,13
1649676804265,33,100getEfCore,200,OK,100UserGetEfCore 3-62,text,true,,123045,124,38,38,https://10.10.1.62:5001/getEfCore,,28,1,0,MAIN-DESKTOP,0,13
1649676807295,31,100getEfCore,200,OK,100UserGetEfCore 3-63,text,true,,123045,124,38,38,https://10.10.1.62:5001/getEfCore,,28,1,0,MAIN-DESKTOP,0,13
1649676810324,26,100getEfCore,200,OK,100UserGetEfCore 3-64,text,true,,123045,124,37,37,https://10.10.1.62:5001/getEfCore,,24,1,0,MAIN-DESKTOP,0,10
1649676813353,32,100getEfCore,200,OK,100UserGetEfCore 3-65,text,true,,123045,124,36,36,https://10.10.1.62:5001/getEfCore,,28,1,0,MAIN-DESKTOP,0,13
1649676816383,27,100getEfCore,200,OK,100UserGetEfCore 3-66,text,true,,123045,124,35,35,https://10.10.1.62:5001/getEfCore,,24,1,0,MAIN-DESKTOP,0,12
1649676819412,28,100getEfCore,200,OK,100UserGetEfCore 3-67,text,true,,123045,124,34,34,https://10.10.1.62:5001/getEfCore,,24,1,0,MAIN-DESKTOP,0,12
1649676822441,30,100getEfCore,200,OK,100UserGetEfCore 3-68,text,true,,123045,124,33,33,https://10.10.1.62:5001/getEfCore,,26,1,0,MAIN-DESKTOP,0,13
1649676825471,28,100getEfCore,200,OK,100UserGetEfCore 3-69,text,true,,123045,124,32,32,https://10.10.1.62:5001/getEfCore,,25,1,0,MAIN-DESKTOP,0,13
1649676828500,30,100getEfCore,200,OK,100UserGetEfCore 3-70,text,true,,123045,124,31,31,https://10.10.1.62:5001/getEfCore,,27,1,0,MAIN-DESKTOP,0,13
1649676831529,29,100getEfCore,200,OK,100UserGetEfCore 3-71,text,true,,123045,124,30,30,https://10.10.1.62:5001/getEfCore,,25,1,0,MAIN-DESKTOP,0,13
1649676834559,29,100getEfCore,200,OK,100UserGetEfCore 3-72,text,true,,123045,124,29,29,https://10.10.1.62:5001/getEfCore,,27,1,0,MAIN-DESKTOP,0,14
1649676837587,29,100getEfCore,200,OK,100UserGetEfCore 3-73,text,true,,123045,124,28,28,https://10.10.1.62:5001/getEfCore,,26,1,0,MAIN-DESKTOP,0,14
1649676840617,31,100getEfCore,200,OK,100UserGetEfCore 3-74,text,true,,123045,124,27,27,https://10.10.1.62:5001/getEfCore,,28,1,0,MAIN-DESKTOP,0,13
1649676843646,31,100getEfCore,200,OK,100UserGetEfCore 3-75,text,true,,123045,124,26,26,https://10.10.1.62:5001/getEfCore,,28,1,0,MAIN-DESKTOP,0,13
1649676846683,28,100getEfCore,200,OK,100UserGetEfCore 3-76,text,true,,123045,124,25,25,https://10.10.1.62:5001/getEfCore,,25,1,0,MAIN-DESKTOP,0,14
1649676849720,31,100getEfCore,200,OK,100UserGetEfCore 3-77,text,true,,123045,124,24,24,https://10.10.1.62:5001/getEfCore,,27,1,0,MAIN-DESKTOP,0,17
1649676852750,32,100getEfCore,200,OK,100UserGetEfCore 3-78,text,true,,123045,124,23,23,https://10.10.1.62:5001/getEfCore,,28,1,0,MAIN-DESKTOP,0,14
1649676855779,29,100getEfCore,200,OK,100UserGetEfCore 3-79,text,true,,123045,124,22,22,https://10.10.1.62:5001/getEfCore,,26,1,0,MAIN-DESKTOP,0,15
1649676858808,28,100getEfCore,200,OK,100UserGetEfCore 3-80,text,true,,123045,124,21,21,https://10.10.1.62:5001/getEfCore,,25,1,0,MAIN-DESKTOP,0,14
1649676861838,30,100getEfCore,200,OK,100UserGetEfCore 3-81,text,true,,123045,124,20,20,https://10.10.1.62:5001/getEfCore,,27,1,0,MAIN-DESKTOP,0,14
1649676864867,30,100getEfCore,200,OK,100UserGetEfCore 3-82,text,true,,123045,124,19,19,https://10.10.1.62:5001/getEfCore,,26,1,0,MAIN-DESKTOP,0,13
1649676867896,31,100getEfCore,200,OK,100UserGetEfCore 3-83,text,true,,123045,124,18,18,https://10.10.1.62:5001/getEfCore,,28,1,0,MAIN-DESKTOP,0,14
1649676870925,32,100getEfCore,200,OK,100UserGetEfCore 3-84,text,true,,123045,124,17,17,https://10.10.1.62:5001/getEfCore,,28,1,0,MAIN-DESKTOP,0,16
1649676873954,33,100getEfCore,200,OK,100UserGetEfCore 3-85,text,true,,123045,124,16,16,https://10.10.1.62:5001/getEfCore,,30,1,0,MAIN-DESKTOP,0,18
1649676876984,24,100getEfCore,200,OK,100UserGetEfCore 3-86,text,true,,123045,124,15,15,https://10.10.1.62:5001/getEfCore,,22,1,0,MAIN-DESKTOP,0,9
1649676880013,29,100getEfCore,200,OK,100UserGetEfCore 3-87,text,true,,123045,124,14,14,https://10.10.1.62:5001/getEfCore,,26,1,0,MAIN-DESKTOP,0,14
1649676883041,33,100getEfCore,200,OK,100UserGetEfCore 3-88,text,true,,123045,124,13,13,https://10.10.1.62:5001/getEfCore,,29,1,0,MAIN-DESKTOP,0,14
1649676886071,33,100getEfCore,200,OK,100UserGetEfCore 3-89,text,true,,123045,124,12,12,https://10.10.1.62:5001/getEfCore,,30,1,0,MAIN-DESKTOP,0,17
1649676889099,42,100getEfCore,200,OK,100UserGetEfCore 3-90,text,true,,123045,124,11,11,https://10.10.1.62:5001/getEfCore,,39,1,0,MAIN-DESKTOP,0,26
1649676892127,33,100getEfCore,200,OK,100UserGetEfCore 3-91,text,true,,123045,124,10,10,https://10.10.1.62:5001/getEfCore,,28,1,0,MAIN-DESKTOP,0,14
1649676895155,36,100getEfCore,200,OK,100UserGetEfCore 3-92,text,true,,123045,124,9,9,https://10.10.1.62:5001/getEfCore,,32,1,0,MAIN-DESKTOP,0,15
1649676898185,27,100getEfCore,200,OK,100UserGetEfCore 3-93,text,true,,123045,124,8,8,https://10.10.1.62:5001/getEfCore,,23,1,0,MAIN-DESKTOP,0,10
1649676901213,31,100getEfCore,200,OK,100UserGetEfCore 3-94,text,true,,123045,124,7,7,https://10.10.1.62:5001/getEfCore,,25,1,0,MAIN-DESKTOP,0,12
1649676904242,26,100getEfCore,200,OK,100UserGetEfCore 3-95,text,true,,123045,124,6,6,https://10.10.1.62:5001/getEfCore,,23,1,0,MAIN-DESKTOP,0,11
1649676907270,32,100getEfCore,200,OK,100UserGetEfCore 3-96,text,true,,123045,124,5,5,https://10.10.1.62:5001/getEfCore,,29,1,0,MAIN-DESKTOP,0,15
1649676910299,29,100getEfCore,200,OK,100UserGetEfCore 3-97,text,true,,123045,124,4,4,https://10.10.1.62:5001/getEfCore,,26,1,0,MAIN-DESKTOP,0,13
1649676913327,29,100getEfCore,200,OK,100UserGetEfCore 3-98,text,true,,123045,124,3,3,https://10.10.1.62:5001/getEfCore,,25,1,0,MAIN-DESKTOP,0,13
1649676916356,30,100getEfCore,200,OK,100UserGetEfCore 3-99,text,true,,123045,124,2,2,https://10.10.1.62:5001/getEfCore,,26,1,0,MAIN-DESKTOP,0,13
1649676919395,29,100getEfCore,200,OK,100UserGetEfCore 3-100,text,true,,123045,124,1,1,https://10.10.1.62:5001/getEfCore,,25,1,0,MAIN-DESKTOP,0,13
